Banco de México,Unnamed: 1,Unnamed: 2,Unnamed: 3,Unnamed: 4,Unnamed: 5,Unnamed: 6,Unnamed: 7,Unnamed: 8,Unnamed: 9,Unnamed: 10,Unnamed: 11,Unnamed: 12,Unnamed: 13
,,,,,,,,,,,,,
Tasas y precios de referencia,,,,,,,,,,,,,
"Tasas de Interés Interbancarias,  Fondeo y Pagaré Bancario Bursátil",,,,,,,,,,,,,
,,,,,,,,,,,,,
Fecha de consulta: 22/02/2025 05:00:09,,,,,,,,,,,,,
,,,,,,,,,,,,,
,,,,,,,,,,,,,
,,,,,,,,,,,,,
Título,"TIIE de fondeo a 1 día, Tasa de interés promedio mensual, en por ciento anual","TIIE a 28 días, Tasa de interés promedio mensual, en por ciento anual","TIIE a 91 días, Tasa de interés promedio mensual, en por ciento anual","TIIE a 182 días, Tasa de interés promedio mensual, en por ciento anual","TIIP a 28 días (Serie histórica), Tasa de interés promedio mensual, en por ciento anual","Tasas Mexibor a 1 mes, Tasa promedio mensual Por ciento anual","Tasa Mexibor a 3 meses, Tasa de interés promedio mensual, en por ciento anual","Tasa Mexibor a 6 meses, Tasa de interés promedio mensual, en por ciento anual","Tasa Mexibor a 9 meses, Tasa de interés promedio mensual, en por ciento anual","Tasa Mexibor a 1 año, Tasa de interés promedio mensual, en por ciento anual","Fondeo promedio ponderado bancario, Tasa de interés promedio mensual, en por ciento anual","Fondeo promedio ponderado gubernamental, Tasa de interés promedio mensual, en por ciento anual","Pagaré Bancario Bursátil a 28 días, Tasa de rendimiento en promedio ponderado, en por ciento anual"
Periodo disponible,Ene 2006 - Ene 2025,Ene 1995 - Ene 2025,Ene 1997 - Ene 2025,Abr 2011 - Ene 2025,Ene 1993 - Dic 2001,Oct 2003 - Abr 2007,Jul 2001 - Abr 2007,Ago 2001 - Abr 2007,Nov 2001 - Abr 2007,Nov 2001 - Abr 2007,Ene 1995 - Ene 2025,Ene 1995 - Ene 2025,Ene 1988 - Feb 2005
Periodicidad,Mensual,Mensual,Mensual,Mensual,Mensual,Mensual,Mensual,Mensual,Mensual,Mensual,Mensual,Mensual,Mensual
Cifra,Porcentajes,Porcentajes,Porcentajes,Porcentajes,Porcentajes,Porcentajes,Porcentajes,Porcentajes,Porcentajes,Porcentajes,Porcentajes,Porcentajes,Porcentajes
Unidad,Porcentajes,Porcentajes,Porcentajes,Porcentajes,Porcentajes,Porcentajes,Porcentajes,Porcentajes,Porcentajes,Porcentajes,Porcentajes,Porcentajes,Porcentajes
Base,,,,,,,,,,,,,
Aviso,,,,,,,,,,,,,
Tipo de información,Niveles,Niveles,Niveles,Niveles,Niveles,Niveles,Niveles,Niveles,Niveles,Niveles,Niveles,Niveles,Niveles
Fecha,SF331450,SF283,SF17801,SF221962,SF284,SF41840,SF29423,SF35884,SF35885,SF35886,SF17863,SF17864,SF4849
1988-01-01 00:00:00,N/E,N/E,N/E,N/E,N/E,N/E,N/E,N/E,N/E,N/E,N/E,N/E,0
1988-02-01 00:00:00,N/E,N/E,N/E,N/E,N/E,N/E,N/E,N/E,N/E,N/E,N/E,N/E,0
1988-03-01 00:00:00,N/E,N/E,N/E,N/E,N/E,N/E,N/E,N/E,N/E,N/E,N/E,N/E,0
1988-04-01 00:00:00,N/E,N/E,N/E,N/E,N/E,N/E,N/E,N/E,N/E,N/E,N/E,N/E,62.33
1988-05-01 00:00:00,N/E,N/E,N/E,N/E,N/E,N/E,N/E,N/E,N/E,N/E,N/E,N/E,53.73
1988-06-01 00:00:00,N/E,N/E,N/E,N/E,N/E,N/E,N/E,N/E,N/E,N/E,N/E,N/E,38.99
1988-07-01 00:00:00,N/E,N/E,N/E,N/E,N/E,N/E,N/E,N/E,N/E,N/E,N/E,N/E,0
1988-08-01 00:00:00,N/E,N/E,N/E,N/E,N/E,N/E,N/E,N/E,N/E,N/E,N/E,N/E,38.25
1988-09-01 00:00:00,N/E,N/E,N/E,N/E,N/E,N/E,N/E,N/E,N/E,N/E,N/E,N/E,38.24
1988-10-01 00:00:00,N/E,N/E,N/E,N/E,N/E,N/E,N/E,N/E,N/E,N/E,N/E,N/E,38.24
1988-11-01 00:00:00,N/E,N/E,N/E,N/E,N/E,N/E,N/E,N/E,N/E,N/E,N/E,N/E,38.24
1988-12-01 00:00:00,N/E,N/E,N/E,N/E,N/E,N/E,N/E,N/E,N/E,N/E,N/E,N/E,38.24
1989-01-01 00:00:00,N/E,N/E,N/E,N/E,N/E,N/E,N/E,N/E,N/E,N/E,N/E,N/E,0
1989-02-01 00:00:00,N/E,N/E,N/E,N/E,N/E,N/E,N/E,N/E,N/E,N/E,N/E,N/E,0
1989-03-01 00:00:00,N/E,N/E,N/E,N/E,N/E,N/E,N/E,N/E,N/E,N/E,N/E,N/E,38.24
1989-04-01 00:00:00,N/E,N/E,N/E,N/E,N/E,N/E,N/E,N/E,N/E,N/E,N/E,N/E,0
1989-05-01 00:00:00,N/E,N/E,N/E,N/E,N/E,N/E,N/E,N/E,N/E,N/E,N/E,N/E,38.24
1989-06-01 00:00:00,N/E,N/E,N/E,N/E,N/E,N/E,N/E,N/E,N/E,N/E,N/E,N/E,38.24
1989-07-01 00:00:00,N/E,N/E,N/E,N/E,N/E,N/E,N/E,N/E,N/E,N/E,N/E,N/E,0
1989-08-01 00:00:00,N/E,N/E,N/E,N/E,N/E,N/E,N/E,N/E,N/E,N/E,N/E,N/E,0
1989-09-01 00:00:00,N/E,N/E,N/E,N/E,N/E,N/E,N/E,N/E,N/E,N/E,N/E,N/E,0
1989-10-01 00:00:00,N/E,N/E,N/E,N/E,N/E,N/E,N/E,N/E,N/E,N/E,N/E,N/E,0
1989-11-01 00:00:00,N/E,N/E,N/E,N/E,N/E,N/E,N/E,N/E,N/E,N/E,N/E,N/E,0
1989-12-01 00:00:00,N/E,N/E,N/E,N/E,N/E,N/E,N/E,N/E,N/E,N/E,N/E,N/E,0
1990-01-01 00:00:00,N/E,N/E,N/E,N/E,N/E,N/E,N/E,N/E,N/E,N/E,N/E,N/E,43
1990-02-01 00:00:00,N/E,N/E,N/E,N/E,N/E,N/E,N/E,N/E,N/E,N/E,N/E,N/E,47.38
1990-03-01 00:00:00,N/E,N/E,N/E,N/E,N/E,N/E,N/E,N/E,N/E,N/E,N/E,N/E,47.88
1990-04-01 00:00:00,N/E,N/E,N/E,N/E,N/E,N/E,N/E,N/E,N/E,N/E,N/E,N/E,47.86
1990-05-01 00:00:00,N/E,N/E,N/E,N/E,N/E,N/E,N/E,N/E,N/E,N/E,N/E,N/E,36.99
1990-06-01 00:00:00,N/E,N/E,N/E,N/E,N/E,N/E,N/E,N/E,N/E,N/E,N/E,N/E,32.6
1990-07-01 00:00:00,N/E,N/E,N/E,N/E,N/E,N/E,N/E,N/E,N/E,N/E,N/E,N/E,0
1990-08-01 00:00:00,N/E,N/E,N/E,N/E,N/E,N/E,N/E,N/E,N/E,N/E,N/E,N/E,0
1990-09-01 00:00:00,N/E,N/E,N/E,N/E,N/E,N/E,N/E,N/E,N/E,N/E,N/E,N/E,0
1990-10-01 00:00:00,N/E,N/E,N/E,N/E,N/E,N/E,N/E,N/E,N/E,N/E,N/E,N/E,0
1990-11-01 00:00:00,N/E,N/E,N/E,N/E,N/E,N/E,N/E,N/E,N/E,N/E,N/E,N/E,0
1990-12-01 00:00:00,N/E,N/E,N/E,N/E,N/E,N/E,N/E,N/E,N/E,N/E,N/E,N/E,0
1991-01-01 00:00:00,N/E,N/E,N/E,N/E,N/E,N/E,N/E,N/E,N/E,N/E,N/E,N/E,0
1991-02-01 00:00:00,N/E,N/E,N/E,N/E,N/E,N/E,N/E,N/E,N/E,N/E,N/E,N/E,24.87
1991-03-01 00:00:00,N/E,N/E,N/E,N/E,N/E,N/E,N/E,N/E,N/E,N/E,N/E,N/E,0
1991-04-01 00:00:00,N/E,N/E,N/E,N/E,N/E,N/E,N/E,N/E,N/E,N/E,N/E,N/E,0
1991-05-01 00:00:00,N/E,N/E,N/E,N/E,N/E,N/E,N/E,N/E,N/E,N/E,N/E,N/E,0
1991-06-01 00:00:00,N/E,N/E,N/E,N/E,N/E,N/E,N/E,N/E,N/E,N/E,N/E,N/E,0
1991-07-01 00:00:00,N/E,N/E,N/E,N/E,N/E,N/E,N/E,N/E,N/E,N/E,N/E,N/E,0
1991-08-01 00:00:00,N/E,N/E,N/E,N/E,N/E,N/E,N/E,N/E,N/E,N/E,N/E,N/E,0
1991-09-01 00:00:00,N/E,N/E,N/E,N/E,N/E,N/E,N/E,N/E,N/E,N/E,N/E,N/E,0
1991-10-01 00:00:00,N/E,N/E,N/E,N/E,N/E,N/E,N/E,N/E,N/E,N/E,N/E,N/E,0
1991-11-01 00:00:00,N/E,N/E,N/E,N/E,N/E,N/E,N/E,N/E,N/E,N/E,N/E,N/E,0
1991-12-01 00:00:00,N/E,N/E,N/E,N/E,N/E,N/E,N/E,N/E,N/E,N/E,N/E,N/E,0
1992-01-01 00:00:00,N/E,N/E,N/E,N/E,N/E,N/E,N/E,N/E,N/E,N/E,N/E,N/E,0
1992-02-01 00:00:00,N/E,N/E,N/E,N/E,N/E,N/E,N/E,N/E,N/E,N/E,N/E,N/E,0
1992-03-01 00:00:00,N/E,N/E,N/E,N/E,N/E,N/E,N/E,N/E,N/E,N/E,N/E,N/E,0
1992-04-01 00:00:00,N/E,N/E,N/E,N/E,N/E,N/E,N/E,N/E,N/E,N/E,N/E,N/E,0
1992-05-01 00:00:00,N/E,N/E,N/E,N/E,N/E,N/E,N/E,N/E,N/E,N/E,N/E,N/E,0
1992-06-01 00:00:00,N/E,N/E,N/E,N/E,N/E,N/E,N/E,N/E,N/E,N/E,N/E,N/E,0
1992-07-01 00:00:00,N/E,N/E,N/E,N/E,N/E,N/E,N/E,N/E,N/E,N/E,N/E,N/E,20.03
1992-08-01 00:00:00,N/E,N/E,N/E,N/E,N/E,N/E,N/E,N/E,N/E,N/E,N/E,N/E,20.55
1992-09-01 00:00:00,N/E,N/E,N/E,N/E,N/E,N/E,N/E,N/E,N/E,N/E,N/E,N/E,22
1992-10-01 00:00:00,N/E,N/E,N/E,N/E,N/E,N/E,N/E,N/E,N/E,N/E,N/E,N/E,23.36
1992-11-01 00:00:00,N/E,N/E,N/E,N/E,N/E,N/E,N/E,N/E,N/E,N/E,N/E,N/E,23.46
1992-12-01 00:00:00,N/E,N/E,N/E,N/E,N/E,N/E,N/E,N/E,N/E,N/E,N/E,N/E,26.18
1993-01-01 00:00:00,N/E,N/E,N/E,N/E,22.52,N/E,N/E,N/E,N/E,N/E,N/E,N/E,22.93
1993-02-01 00:00:00,N/E,N/E,N/E,N/E,22.34,N/E,N/E,N/E,N/E,N/E,N/E,N/E,22.26
1993-03-01 00:00:00,N/E,N/E,N/E,N/E,20.01,N/E,N/E,N/E,N/E,N/E,N/E,N/E,19.79
1993-04-01 00:00:00,N/E,N/E,N/E,N/E,20.26,N/E,N/E,N/E,N/E,N/E,N/E,N/E,19.71
1993-05-01 00:00:00,N/E,N/E,N/E,N/E,19.75,N/E,N/E,N/E,N/E,N/E,N/E,N/E,19.37
1993-06-01 00:00:00,N/E,N/E,N/E,N/E,18.13,N/E,N/E,N/E,N/E,N/E,N/E,N/E,18.02
1993-07-01 00:00:00,N/E,N/E,N/E,N/E,17.13,N/E,N/E,N/E,N/E,N/E,N/E,N/E,16.84
1993-08-01 00:00:00,N/E,N/E,N/E,N/E,16.36,N/E,N/E,N/E,N/E,N/E,N/E,N/E,16.1
1993-09-01 00:00:00,N/E,N/E,N/E,N/E,16.33,N/E,N/E,N/E,N/E,N/E,N/E,N/E,15.98
1993-10-01 00:00:00,N/E,N/E,N/E,N/E,15.78,N/E,N/E,N/E,N/E,N/E,N/E,N/E,15.43
1993-11-01 00:00:00,N/E,N/E,N/E,N/E,17.17,N/E,N/E,N/E,N/E,N/E,N/E,N/E,17.07
1993-12-01 00:00:00,N/E,N/E,N/E,N/E,13.69,N/E,N/E,N/E,N/E,N/E,N/E,N/E,13.55
1994-01-01 00:00:00,N/E,N/E,N/E,N/E,11.75,N/E,N/E,N/E,N/E,N/E,N/E,N/E,11.47
1994-02-01 00:00:00,N/E,N/E,N/E,N/E,10.52,N/E,N/E,N/E,N/E,N/E,N/E,N/E,10.35
1994-03-01 00:00:00,N/E,N/E,N/E,N/E,11.24,N/E,N/E,N/E,N/E,N/E,N/E,N/E,12.25
1994-04-01 00:00:00,N/E,N/E,N/E,N/E,19.17,N/E,N/E,N/E,N/E,N/E,N/E,N/E,18.4
1994-05-01 00:00:00,N/E,N/E,N/E,N/E,20.24,N/E,N/E,N/E,N/E,N/E,N/E,N/E,19.55
1994-06-01 00:00:00,N/E,N/E,N/E,N/E,18.89,N/E,N/E,N/E,N/E,N/E,N/E,N/E,18.77
1994-07-01 00:00:00,N/E,N/E,N/E,N/E,21.18,N/E,N/E,N/E,N/E,N/E,N/E,N/E,20.54
1994-08-01 00:00:00,N/E,N/E,N/E,N/E,18.46,N/E,N/E,N/E,N/E,N/E,N/E,N/E,19.02
1994-09-01 00:00:00,N/E,N/E,N/E,N/E,17.82,N/E,N/E,N/E,N/E,N/E,N/E,N/E,17.92
1994-10-01 00:00:00,N/E,N/E,N/E,N/E,17.46,N/E,N/E,N/E,N/E,N/E,N/E,N/E,17.45
1994-11-01 00:00:00,N/E,N/E,N/E,N/E,19.29,N/E,N/E,N/E,N/E,N/E,N/E,N/E,19.63
1994-12-01 00:00:00,N/E,N/E,N/E,N/E,28.02,N/E,N/E,N/E,N/E,N/E,N/E,N/E,0
1995-01-01 00:00:00,N/E,N/E,N/E,N/E,46.12,N/E,N/E,N/E,N/E,N/E,45.08,35.89,49.02
1995-02-01 00:00:00,N/E,N/E,N/E,N/E,54.02,N/E,N/E,N/E,N/E,N/E,51.98,40.31,53.8
1995-03-01 00:00:00,N/E,89.48,N/E,N/E,86.03,N/E,N/E,N/E,N/E,N/E,76.88,64.83,82.17
1995-04-01 00:00:00,N/E,85.22,N/E,N/E,85.33,N/E,N/E,N/E,N/E,N/E,82.79,75.09,79.44
1995-05-01 00:00:00,N/E,60.45,N/E,N/E,60.53,N/E,N/E,N/E,N/E,N/E,58.2,56.62,60.49
1995-06-01 00:00:00,N/E,49.5,N/E,N/E,49.49,N/E,N/E,N/E,N/E,N/E,49.19,47.18,49.67
1995-07-01 00:00:00,N/E,43,N/E,N/E,42.92,N/E,N/E,N/E,N/E,N/E,44.11,42.41,42.86
1995-08-01 00:00:00,N/E,37.6,N/E,N/E,37.57,N/E,N/E,N/E,N/E,N/E,37.85,35.67,37.61
1995-09-01 00:00:00,N/E,35.48,N/E,N/E,35.48,N/E,N/E,N/E,N/E,N/E,34.86,33.3,35.61
1995-10-01 00:00:00,N/E,42.61,N/E,N/E,42.57,N/E,N/E,N/E,N/E,N/E,42.18,40.57,42.57
1995-11-01 00:00:00,N/E,57.43,N/E,N/E,57.21,N/E,N/E,N/E,N/E,N/E,56.95,55.09,59.48
1995-12-01 00:00:00,N/E,51.36,N/E,N/E,51.34,N/E,N/E,N/E,N/E,N/E,50.63,49.03,51.55
1996-01-01 00:00:00,N/E,42.66,N/E,N/E,42.66,N/E,N/E,N/E,N/E,N/E,39.81,38.26,42.61
1996-02-01 00:00:00,N/E,40.11,N/E,N/E,40.12,N/E,N/E,N/E,N/E,N/E,38.43,36.92,40.24
1996-03-01 00:00:00,N/E,42.93,N/E,N/E,43.56,N/E,N/E,N/E,N/E,N/E,42.33,40.51,43.6
1996-04-01 00:00:00,N/E,36.61,N/E,N/E,36.93,N/E,N/E,N/E,N/E,N/E,34.62,32.98,36.17
1996-05-01 00:00:00,N/E,30.31,N/E,N/E,30.16,N/E,N/E,N/E,N/E,N/E,28.93,27.17,30.35
1996-06-01 00:00:00,N/E,30.11,N/E,N/E,30.09,N/E,N/E,N/E,N/E,N/E,29.32,27.61,30.07
1996-07-01 00:00:00,N/E,33.49,N/E,N/E,33.46,N/E,N/E,N/E,N/E,N/E,32.8,30.88,33.43
1996-08-01 00:00:00,N/E,29.36,N/E,N/E,29.54,N/E,N/E,N/E,N/E,N/E,27.04,25.26,0
1996-09-01 00:00:00,N/E,26.82,N/E,N/E,26.64,N/E,N/E,N/E,N/E,N/E,24.63,22.99,0
1996-10-01 00:00:00,N/E,28.68,N/E,N/E,29.71,N/E,N/E,N/E,N/E,N/E,27.77,25.93,29.69
1996-11-01 00:00:00,N/E,32.28,N/E,N/E,31.89,N/E,N/E,N/E,N/E,N/E,30.98,29.6,31.65
1996-12-01 00:00:00,N/E,29.92,N/E,N/E,29.65,N/E,N/E,N/E,N/E,N/E,29.18,28.23,28.71
1997-01-01 00:00:00,N/E,25.96,25.38,N/E,25.87,N/E,N/E,N/E,N/E,N/E,24.45,23.28,24.59
1997-02-01 00:00:00,N/E,22.11,23.54,N/E,22.24,N/E,N/E,N/E,N/E,N/E,21.1,19.73,23.95
1997-03-01 00:00:00,N/E,23.95,23.73,N/E,24.04,N/E,N/E,N/E,N/E,N/E,23.88,22.22,24.43
1997-04-01 00:00:00,N/E,23.98,23.97,N/E,23.8,N/E,N/E,N/E,N/E,N/E,23.23,22,21.36
1997-05-01 00:00:00,N/E,20.65,21.73,N/E,20.59,N/E,N/E,N/E,N/E,N/E,19.46,18.22,20.55
1997-06-01 00:00:00,N/E,22.53,22.41,N/E,22.5,N/E,N/E,N/E,N/E,N/E,21.79,20.85,22.47
1997-07-01 00:00:00,N/E,20.5,20.73,N/E,20.48,N/E,N/E,N/E,N/E,N/E,19.92,18.72,20.45
1997-08-01 00:00:00,N/E,20.64,21.27,N/E,20.66,N/E,N/E,N/E,N/E,N/E,19.58,18.72,20.63
1997-09-01 00:00:00,N/E,20.23,21.27,N/E,20.03,N/E,N/E,N/E,N/E,N/E,18.96,18.17,19.98
1997-10-01 00:00:00,N/E,19.7,20.47,N/E,19.38,N/E,N/E,N/E,N/E,N/E,19.02,18.29,19.34
1997-11-01 00:00:00,N/E,22.17,22.55,N/E,21.82,N/E,N/E,N/E,N/E,N/E,20.13,18.78,21.8
1997-12-01 00:00:00,N/E,20.48,20.48,N/E,20.41,N/E,N/E,N/E,N/E,N/E,20.23,19.53,20.38
1998-01-01 00:00:00,N/E,19.74,19.95,N/E,19.47,N/E,N/E,N/E,N/E,N/E,18.52,17.94,19.44
1998-02-01 00:00:00,N/E,20.52,20.67,N/E,20.61,N/E,N/E,N/E,N/E,N/E,20.05,18.79,20.58
1998-03-01 00:00:00,N/E,21.69,21.83,N/E,21.71,N/E,N/E,N/E,N/E,N/E,20.72,19.65,22.57
1998-04-01 00:00:00,N/E,20.55,20.44,N/E,20.41,N/E,N/E,N/E,N/E,N/E,19.83,19.02,20.39
1998-05-01 00:00:00,N/E,19.9,20.27,N/E,20.17,N/E,N/E,N/E,N/E,N/E,18.93,18,20.13
1998-06-01 00:00:00,N/E,21.47,21.79,N/E,21.1,N/E,N/E,N/E,N/E,N/E,19.87,19.06,21.08
1998-07-01 00:00:00,N/E,21.88,22.66,N/E,21.75,N/E,N/E,N/E,N/E,N/E,20.43,19.49,21.72
1998-08-01 00:00:00,N/E,25.78,27.2,N/E,25.33,N/E,N/E,N/E,N/E,N/E,24.74,23.31,25.29
1998-09-01 00:00:00,N/E,42.04,40.35,N/E,41.55,N/E,N/E,N/E,N/E,N/E,36.54,34.3,41
1998-10-01 00:00:00,N/E,37.65,38.69,N/E,37.49,N/E,N/E,N/E,N/E,N/E,32.93,31.26,37.64
1998-11-01 00:00:00,N/E,34.78,35.56,N/E,34.64,N/E,N/E,N/E,N/E,N/E,32.46,31.07,34.56
1998-12-01 00:00:00,N/E,36.69,36.29,N/E,36.6,N/E,N/E,N/E,N/E,N/E,34.15,32.51,36.51
1999-01-01 00:00:00,N/E,35.8,35.45,N/E,36.27,N/E,N/E,N/E,N/E,N/E,34.11,31.96,36.17
1999-02-01 00:00:00,N/E,32.21,31.35,N/E,31.97,N/E,N/E,N/E,N/E,N/E,30.26,28.42,31.94
1999-03-01 00:00:00,N/E,26.87,26.37,N/E,26.46,N/E,N/E,N/E,N/E,N/E,25.86,23.99,26.44
1999-04-01 00:00:00,N/E,22.54,22.99,N/E,22.49,N/E,N/E,N/E,N/E,N/E,21.1,19.66,22.45
1999-05-01 00:00:00,N/E,22.52,23.26,N/E,22.42,N/E,N/E,N/E,N/E,N/E,21.16,19.4,22.4
1999-06-01 00:00:00,N/E,23.6,23.77,N/E,23.68,N/E,N/E,N/E,N/E,N/E,22.02,20.14,23.66
1999-07-01 00:00:00,N/E,22.11,22.98,N/E,22.2,N/E,N/E,N/E,N/E,N/E,20.61,18.69,22.19
1999-08-01 00:00:00,N/E,23.13,24.36,N/E,23.2,N/E,N/E,N/E,N/E,N/E,20.52,18.94,23.17
1999-09-01 00:00:00,N/E,22.04,23.43,N/E,22.05,N/E,N/E,N/E,N/E,N/E,20.24,18.71,22.02
1999-10-01 00:00:00,N/E,20.63,22.41,N/E,20.4,N/E,N/E,N/E,N/E,N/E,18.28,16.92,20.37
1999-11-01 00:00:00,N/E,19.01,20.09,N/E,18.94,N/E,N/E,N/E,N/E,N/E,17.96,16.91,18.91
1999-12-01 00:00:00,N/E,18.75,19.06,N/E,18.67,N/E,N/E,N/E,N/E,N/E,17.24,15.81,18.66
2000-01-01 00:00:00,N/E,18.55,18.69,N/E,18.58,N/E,N/E,N/E,N/E,N/E,17.7,15.92,18.01
2000-02-01 00:00:00,N/E,18.15,18.12,N/E,18.2,N/E,N/E,N/E,N/E,N/E,17.34,15.6,18.18
2000-03-01 00:00:00,N/E,15.77,15.86,N/E,15.75,N/E,N/E,N/E,N/E,N/E,14.89,13.71,15.71
2000-04-01 00:00:00,N/E,14.74,15.1,N/E,14.78,N/E,N/E,N/E,N/E,N/E,14.08,12.96,14.75
2000-05-01 00:00:00,N/E,15.92,16.77,N/E,15.92,N/E,N/E,N/E,N/E,N/E,14.95,14.23,15.89
2000-06-01 00:00:00,N/E,17.44,17.73,N/E,17.41,N/E,N/E,N/E,N/E,N/E,16.58,16.06,17.38
2000-07-01 00:00:00,N/E,15.13,15.4,N/E,15.01,N/E,N/E,N/E,N/E,N/E,14.11,13.67,14.96
2000-08-01 00:00:00,N/E,16.62,16.84,N/E,16.66,N/E,N/E,N/E,N/E,N/E,16.3,15.35,16.62
2000-09-01 00:00:00,N/E,16.77,17.13,N/E,16.84,N/E,N/E,N/E,N/E,N/E,15.96,15.3,16.82
2000-10-01 00:00:00,N/E,17.38,17.99,N/E,17.47,N/E,N/E,N/E,N/E,N/E,16.45,16.2,17.44
2000-11-01 00:00:00,N/E,18.64,18.76,N/E,18.63,N/E,N/E,N/E,N/E,N/E,17.92,17.53,18.66
2000-12-01 00:00:00,N/E,18.39,18.39,N/E,18.39,N/E,N/E,N/E,N/E,N/E,17.66,17.56,18.38
2001-01-01 00:00:00,N/E,18.62,18.86,N/E,18.81,N/E,N/E,N/E,N/E,N/E,17.7,17.57,18.79
2001-02-01 00:00:00,N/E,18.12,18.36,N/E,18.22,N/E,N/E,N/E,N/E,N/E,17.45,16.68,18.21
2001-03-01 00:00:00,N/E,17.28,17.22,N/E,17.22,N/E,N/E,N/E,N/E,N/E,16.68,15.98,17.21
2001-04-01 00:00:00,N/E,16.36,16.31,N/E,16.37,N/E,N/E,N/E,N/E,N/E,15.81,14.8,16.25
2001-05-01 00:00:00,N/E,14.09,14.22,N/E,14.03,N/E,N/E,N/E,N/E,N/E,13.2,12.15,14.01
2001-06-01 00:00:00,N/E,11.64,11.9,N/E,11.55,N/E,N/E,N/E,N/E,N/E,10.87,9.37,11.52
2001-07-01 00:00:00,N/E,11.1,11.6,N/E,11.02,N/E,11.34,N/E,N/E,N/E,9.87,9.37,11
2001-08-01 00:00:00,N/E,9.29,10.22,N/E,9.38,N/E,10.14,11.18,N/E,N/E,8.59,7.43,9.34
2001-09-01 00:00:00,N/E,10.95,12.19,N/E,11.08,N/E,11.74,12.58,N/E,N/E,9.53,8.5,10.96
2001-10-01 00:00:00,N/E,10.34,11.16,N/E,10.35,N/E,10.89,11.65,N/E,N/E,9.2,7.98,10.3
2001-11-01 00:00:00,N/E,8.9,10.21,N/E,8.94,N/E,9.8,10.75,11.24,11.65,7.71,7.31,8.9
2001-12-01 00:00:00,N/E,7.94,8.87,N/E,7.96,N/E,8.58,9.64,10.35,10.84,6.74,6.38,7.87
2002-01-01 00:00:00,N/E,7.97,8.44,N/E,N/E,N/E,7.89,8.64,9.25,9.72,7.2,7,8.14
2002-02-01 00:00:00,N/E,8.99,9.06,N/E,N/E,N/E,8.61,8.91,9.22,9.52,8.15,7.99,9.05
2002-03-01 00:00:00,N/E,8.47,8.61,N/E,N/E,N/E,8.11,8.36,8.65,9.02,7.59,7.49,8.29
2002-04-01 00:00:00,N/E,6.85,7.12,N/E,N/E,N/E,6.8,7.28,7.64,7.98,5.42,5.38,6.78
2002-05-01 00:00:00,N/E,7.73,7.63,N/E,N/E,N/E,7.35,7.61,7.86,8.12,7.09,7,7.63
2002-06-01 00:00:00,N/E,8.42,8.65,N/E,N/E,N/E,8.12,8.34,8.57,8.81,7.26,7.21,8.55
2002-07-01 00:00:00,N/E,8.34,8.73,N/E,N/E,N/E,8.29,8.72,9.07,9.29,6.92,6.86,8.33
2002-08-01 00:00:00,N/E,7.61,7.95,N/E,N/E,N/E,7.62,8.06,8.51,8.91,6.53,6.48,7.61
2002-09-01 00:00:00,N/E,8.37,8.74,N/E,N/E,N/E,8.54,8.92,9.3,9.6,7.08,6.99,8.3
2002-10-01 00:00:00,N/E,8.67,9.1,N/E,N/E,N/E,8.79,9.29,9.74,10.11,7.73,7.36,8.71
2002-11-01 00:00:00,N/E,8.33,8.73,N/E,N/E,N/E,8.5,8.99,9.38,9.82,7.34,7.08,8.16
2002-12-01 00:00:00,N/E,8.26,8.64,N/E,N/E,N/E,8.43,8.74,9.19,9.57,7.5,7.16,8.22
2003-01-01 00:00:00,N/E,9.14,9.38,N/E,N/E,N/E,8.95,9.17,9.47,9.74,8.29,8.09,9.18
2003-02-01 00:00:00,N/E,9.91,9.85,N/E,N/E,N/E,9.37,9.53,9.68,9.85,9.12,8.84,9.95
2003-03-01 00:00:00,N/E,9.96,10.04,N/E,N/E,N/E,9.43,9.54,9.69,9.8,9.08,8.84,10.12
2003-04-01 00:00:00,N/E,8.58,8.7,N/E,N/E,N/E,8.63,8.72,8.82,8.93,7.71,7.56,8.59
2003-05-01 00:00:00,N/E,5.92,6.74,N/E,N/E,N/E,6.99,7.11,7.24,7.36,5.15,4.95,5.93
2003-06-01 00:00:00,N/E,5.79,6.19,N/E,N/E,N/E,5.93,6.1,6.25,6.39,5.25,5.05,5.75
2003-07-01 00:00:00,N/E,5.3,5.7,N/E,N/E,N/E,5.36,5.67,5.86,6.03,4.5,4.31,5.27
2003-08-01 00:00:00,N/E,4.97,5.54,N/E,N/E,N/E,5.08,5.62,5.88,6.03,4.22,4.05,4.99
2003-09-01 00:00:00,N/E,5.05,5.5,N/E,N/E,N/E,5.08,5.58,5.84,6.03,4.32,4.18,5.04
2003-10-01 00:00:00,N/E,5.6,5.93,N/E,N/E,5.06,5.38,5.66,5.9,6.09,5.13,4.96,5.53
2003-11-01 00:00:00,N/E,5.35,5.83,N/E,N/E,5.1,5.35,5.67,5.99,6.18,4.99,4.82,4.99
2003-12-01 00:00:00,N/E,6.4,6.57,N/E,N/E,6.1,6.22,6.35,6.5,6.67,6.08,5.92,6.22
2004-01-01 00:00:00,N/E,5.36,5.55,N/E,N/E,5.1,5.29,5.61,5.91,6.13,5.07,4.93,5.1
2004-02-01 00:00:00,N/E,5.79,6.07,N/E,N/E,5.58,5.76,5.95,6.16,6.36,5.67,5.48,6.09
2004-03-01 00:00:00,N/E,6.49,6.55,N/E,N/E,6.23,6.26,6.36,6.46,6.57,6.41,6.24,6.57
2004-04-01 00:00:00,N/E,6.17,6.37,N/E,N/E,6.17,6.23,6.36,6.49,6.62,5.96,5.81,6.22
2004-05-01 00:00:00,N/E,6.95,7.31,N/E,N/E,6.94,7.15,7.39,7.61,7.79,6.41,6.23,6.93
2004-06-01 00:00:00,N/E,7.02,7.59,N/E,N/E,7.11,7.46,7.91,8.14,8.33,6.36,6.15,7.01
2004-07-01 00:00:00,N/E,7.11,7.63,N/E,N/E,7.21,7.34,7.89,8.16,8.27,6.64,6.46,7.16
2004-08-01 00:00:00,N/E,7.5,7.84,N/E,N/E,7.59,7.73,8.2,8.42,8.66,6.96,6.77,7.55
2004-09-01 00:00:00,N/E,7.78,8.06,N/E,N/E,7.76,7.95,8.27,8.57,8.75,7.29,7.09,7.75
2004-10-01 00:00:00,N/E,8.05,8.46,N/E,N/E,8.11,8.23,8.47,8.69,8.76,7.67,7.47,8.05
2004-11-01 00:00:00,N/E,8.6,8.85,N/E,N/E,8.62,8.74,8.86,8.95,9.02,8.01,7.82,8.39
2004-12-01 00:00:00,N/E,8.93,9.03,N/E,N/E,8.96,8.95,8.98,8.99,9.02,8.55,8.38,N/E
2005-01-01 00:00:00,N/E,8.97,9.03,N/E,N/E,9.06,8.95,8.89,8.91,8.9,8.73,8.55,N/E
2005-02-01 00:00:00,N/E,9.47,9.59,N/E,N/E,9.4,9.4,9.38,9.41,9.4,9.12,8.88,N/E
2005-03-01 00:00:00,N/E,9.78,9.98,N/E,N/E,9.85,9.84,9.84,9.84,9.85,9.28,9.05,N/E
2005-04-01 00:00:00,N/E,10.01,10.22,N/E,N/E,10.12,10.11,10.17,10.19,10.26,9.52,9.3,N/E
2005-05-01 00:00:00,N/E,10.12,10.21,N/E,N/E,10.13,10.11,10.16,10.19,10.19,9.75,9.4,N/E
2005-06-01 00:00:00,N/E,10.01,10.01,N/E,N/E,9.93,9.94,9.9,9.86,9.82,9.75,9.34,N/E
2005-07-01 00:00:00,N/E,10.01,10.03,N/E,N/E,9.89,9.87,9.78,9.77,9.69,9.75,9.33,N/E
2005-08-01 00:00:00,N/E,9.98,10.03,N/E,N/E,9.89,9.84,9.78,9.7,9.65,9.71,9.29,N/E
2005-09-01 00:00:00,N/E,9.65,9.45,N/E,N/E,9.56,9.4,9.29,9.2,9.11,9.43,9.09,N/E
2005-10-01 00:00:00,N/E,9.41,9.25,N/E,N/E,9.33,9.14,9.04,9.01,8.97,9.23,8.97,N/E
2005-11-01 00:00:00,N/E,9.17,9.14,N/E,N/E,9.09,8.88,8.81,8.78,8.76,8.96,8.67,N/E
2005-12-01 00:00:00,N/E,8.72,8.64,N/E,N/E,8.68,8.54,8.45,8.42,8.41,8.4,8.15,N/E
2006-01-01 00:00:00,8.21,8.41,8.16,N/E,N/E,8.3,8.26,8.19,8.14,8.11,8.2,8.06,N/E
2006-02-01 00:00:00,7.74,7.97,7.93,N/E,N/E,7.89,7.87,7.84,7.78,7.73,7.73,7.56,N/E
2006-03-01 00:00:00,7.46,7.68,7.78,N/E,N/E,7.58,7.55,7.5,7.48,7.42,7.45,7.15,N/E
2006-04-01 00:00:00,7.18,7.51,7.72,N/E,N/E,7.32,7.33,7.34,7.34,7.35,7.18,6.91,N/E
2006-05-01 00:00:00,7.02,7.32,7.59,N/E,N/E,7.16,7.17,7.21,7.25,7.31,7.02,6.73,N/E
2006-06-01 00:00:00,7.03,7.33,7.68,N/E,N/E,7.14,7.17,7.21,7.26,7.31,7.02,6.78,N/E
2006-07-01 00:00:00,7.02,7.31,7.57,N/E,N/E,7.14,7.15,7.18,7.23,7.29,7.01,6.85,N/E
2006-08-01 00:00:00,7.03,7.3,7.48,N/E,N/E,7.13,7.15,7.18,7.23,7.27,7.01,6.88,N/E
2006-09-01 00:00:00,7.06,7.31,7.5,N/E,N/E,7.11,7.17,7.21,7.25,7.28,7.03,6.96,N/E
2006-10-01 00:00:00,7.02,7.31,7.65,N/E,N/E,7.1,7.27,7.36,7.39,7.44,7.01,6.95,N/E
2006-11-01 00:00:00,7.04,7.3,7.62,N/E,N/E,7.08,7.2,7.28,7.32,7.37,7.02,6.98,N/E
2006-12-01 00:00:00,7.07,7.34,7.6,N/E,N/E,7.07,7.21,7.24,7.26,7.3,7.05,7.04,N/E
2007-01-01 00:00:00,7.03,7.41,7.67,N/E,N/E,7.09,7.23,7.29,7.32,7.35,7.02,6.98,N/E
2007-02-01 00:00:00,7.03,7.46,7.67,N/E,N/E,7.14,7.24,7.34,7.41,7.47,7.02,6.96,N/E
2007-03-01 00:00:00,7.03,7.46,7.68,N/E,N/E,7.14,7.27,7.38,7.43,7.5,7.02,6.92,N/E
2007-04-01 00:00:00,7.06,7.47,7.61,N/E,N/E,7.11,7.22,7.33,7.38,7.41,7.04,6.92,N/E
2007-05-01 00:00:00,7.29,7.7,7.83,N/E,N/E,N/E,N/E,N/E,N/E,N/E,7.28,7.16,N/E
2007-06-01 00:00:00,7.27,7.7,7.82,N/E,N/E,N/E,N/E,N/E,N/E,N/E,7.27,7.14,N/E
2007-07-01 00:00:00,7.28,7.7,7.78,N/E,N/E,N/E,N/E,N/E,N/E,N/E,7.27,7.15,N/E
2007-08-01 00:00:00,7.27,7.71,7.79,N/E,N/E,N/E,N/E,N/E,N/E,N/E,7.26,7.15,N/E
2007-09-01 00:00:00,7.24,7.7,7.77,N/E,N/E,N/E,N/E,N/E,N/E,N/E,7.24,7.08,N/E
2007-10-01 00:00:00,7.27,7.73,7.78,N/E,N/E,N/E,N/E,N/E,N/E,N/E,7.29,7.14,N/E
2007-11-01 00:00:00,7.5,7.93,8.01,N/E,N/E,N/E,N/E,N/E,N/E,N/E,7.5,7.4,N/E
2007-12-01 00:00:00,7.53,7.93,8,N/E,N/E,N/E,N/E,N/E,N/E,N/E,7.52,7.45,N/E
2008-01-01 00:00:00,7.52,7.93,7.99,N/E,N/E,N/E,N/E,N/E,N/E,N/E,7.51,7.43,N/E
2008-02-01 00:00:00,7.5,7.93,7.93,N/E,N/E,N/E,N/E,N/E,N/E,N/E,7.5,7.41,N/E
2008-03-01 00:00:00,7.5,7.93,7.94,N/E,N/E,N/E,N/E,N/E,N/E,N/E,7.5,7.4,N/E
2008-04-01 00:00:00,7.5,7.94,7.96,N/E,N/E,N/E,N/E,N/E,N/E,N/E,7.51,7.34,N/E
2008-05-01 00:00:00,7.5,7.93,7.96,N/E,N/E,N/E,N/E,N/E,N/E,N/E,7.51,7.32,N/E
2008-06-01 00:00:00,7.6,8,8.1,N/E,N/E,N/E,N/E,N/E,N/E,N/E,7.6,7.45,N/E
2008-07-01 00:00:00,7.86,8.28,8.49,N/E,N/E,N/E,N/E,N/E,N/E,N/E,7.87,7.79,N/E
2008-08-01 00:00:00,8.12,8.56,8.71,N/E,N/E,N/E,N/E,N/E,N/E,N/E,8.13,8.04,N/E
2008-09-01 00:00:00,8.25,8.66,8.74,N/E,N/E,N/E,N/E,N/E,N/E,N/E,8.26,8.19,N/E
2008-10-01 00:00:00,7.75,8.68,8.76,N/E,N/E,N/E,N/E,N/E,N/E,N/E,7.99,7.71,N/E
2008-11-01 00:00:00,7.93,8.73,8.83,N/E,N/E,N/E,N/E,N/E,N/E,N/E,8.13,7.85,N/E
2008-12-01 00:00:00,8.25,8.74,8.82,N/E,N/E,N/E,N/E,N/E,N/E,N/E,8.27,8.15,N/E
2009-01-01 00:00:00,7.99,8.41,8.41,N/E,N/E,N/E,N/E,N/E,N/E,N/E,8.02,7.9,N/E
2009-02-01 00:00:00,7.68,7.94,7.86,N/E,N/E,N/E,N/E,N/E,N/E,N/E,7.68,7.6,N/E
2009-03-01 00:00:00,7.22,7.64,7.54,N/E,N/E,N/E,N/E,N/E,N/E,N/E,7.22,7.17,N/E
2009-04-01 00:00:00,6.39,6.68,6.5,N/E,N/E,N/E,N/E,N/E,N/E,N/E,6.39,6.34,N/E
2009-05-01 00:00:00,5.58,5.78,5.65,N/E,N/E,N/E,N/E,N/E,N/E,N/E,5.6,5.53,N/E
2009-06-01 00:00:00,5.06,5.26,5.18,N/E,N/E,N/E,N/E,N/E,N/E,N/E,5.08,5.03,N/E
2009-07-01 00:00:00,4.65,4.92,4.91,N/E,N/E,N/E,N/E,N/E,N/E,N/E,4.66,4.62,N/E
2009-08-01 00:00:00,4.49,4.89,4.95,N/E,N/E,N/E,N/E,N/E,N/E,N/E,4.52,4.45,N/E
2009-09-01 00:00:00,4.51,4.91,5,N/E,N/E,N/E,N/E,N/E,N/E,N/E,4.53,4.45,N/E
2009-10-01 00:00:00,4.52,4.91,5,N/E,N/E,N/E,N/E,N/E,N/E,N/E,4.53,4.45,N/E
2009-11-01 00:00:00,4.58,4.93,5.08,N/E,N/E,N/E,N/E,N/E,N/E,N/E,4.59,4.5,N/E
2009-12-01 00:00:00,4.59,4.93,5.07,N/E,N/E,N/E,N/E,N/E,N/E,N/E,4.63,4.53,N/E
2010-01-01 00:00:00,4.58,4.91,5.06,N/E,N/E,N/E,N/E,N/E,N/E,N/E,4.61,4.54,N/E
2010-02-01 00:00:00,4.64,4.92,5.03,N/E,N/E,N/E,N/E,N/E,N/E,N/E,4.64,4.6,N/E
2010-03-01 00:00:00,4.56,4.92,5.03,N/E,N/E,N/E,N/E,N/E,N/E,N/E,4.57,4.52,N/E
2010-04-01 00:00:00,4.6,4.94,5.03,N/E,N/E,N/E,N/E,N/E,N/E,N/E,4.6,4.55,N/E
2010-05-01 00:00:00,4.6,4.94,5.04,N/E,N/E,N/E,N/E,N/E,N/E,N/E,4.6,4.55,N/E
2010-06-01 00:00:00,4.59,4.94,5.01,N/E,N/E,N/E,N/E,N/E,N/E,N/E,4.59,4.55,N/E
2010-07-01 00:00:00,4.61,4.92,5.01,N/E,N/E,N/E,N/E,N/E,N/E,N/E,4.61,4.58,N/E
2010-08-01 00:00:00,4.6,4.9,4.99,N/E,N/E,N/E,N/E,N/E,N/E,N/E,4.61,4.57,N/E
2010-09-01 00:00:00,4.56,4.9,4.98,N/E,N/E,N/E,N/E,N/E,N/E,N/E,4.57,4.54,N/E
2010-10-01 00:00:00,4.52,4.87,4.95,N/E,N/E,N/E,N/E,N/E,N/E,N/E,4.54,4.51,N/E
2010-11-01 00:00:00,4.56,4.87,4.92,N/E,N/E,N/E,N/E,N/E,N/E,N/E,4.56,4.53,N/E
2010-12-01 00:00:00,4.61,4.89,4.95,N/E,N/E,N/E,N/E,N/E,N/E,N/E,4.62,4.58,N/E
2011-01-01 00:00:00,4.55,4.86,4.92,N/E,N/E,N/E,N/E,N/E,N/E,N/E,4.58,4.53,N/E
2011-02-01 00:00:00,4.52,4.84,4.88,N/E,N/E,N/E,N/E,N/E,N/E,N/E,4.55,4.51,N/E
2011-03-01 00:00:00,4.49,4.84,4.87,N/E,N/E,N/E,N/E,N/E,N/E,N/E,4.51,4.47,N/E
2011-04-01 00:00:00,4.5,4.85,4.88,4.98,N/E,N/E,N/E,N/E,N/E,N/E,4.52,4.49,N/E
2011-05-01 00:00:00,4.47,4.85,4.88,4.96,N/E,N/E,N/E,N/E,N/E,N/E,4.49,4.45,N/E
2011-06-01 00:00:00,4.49,4.85,4.89,4.95,N/E,N/E,N/E,N/E,N/E,N/E,4.51,4.48,N/E
2011-07-01 00:00:00,4.47,4.82,4.86,4.9,N/E,N/E,N/E,N/E,N/E,N/E,4.49,4.47,N/E
2011-08-01 00:00:00,4.44,4.81,4.85,4.87,N/E,N/E,N/E,N/E,N/E,N/E,4.46,4.44,N/E
2011-09-01 00:00:00,4.37,4.78,4.8,4.81,N/E,N/E,N/E,N/E,N/E,N/E,4.38,4.37,N/E
2011-10-01 00:00:00,4.37,4.79,4.81,4.8,N/E,N/E,N/E,N/E,N/E,N/E,4.38,4.37,N/E
2011-11-01 00:00:00,4.41,4.8,4.81,4.8,N/E,N/E,N/E,N/E,N/E,N/E,4.4,4.41,N/E
2011-12-01 00:00:00,4.5,4.8,4.81,4.81,N/E,N/E,N/E,N/E,N/E,N/E,4.48,4.5,N/E
2012-01-01 00:00:00,4.48,4.79,4.8,4.81,N/E,N/E,N/E,N/E,N/E,N/E,4.47,4.48,N/E
2012-02-01 00:00:00,4.5,4.78,4.8,4.81,N/E,N/E,N/E,N/E,N/E,N/E,4.49,4.5,N/E
2012-03-01 00:00:00,4.5,4.77,4.79,4.81,N/E,N/E,N/E,N/E,N/E,N/E,4.49,4.5,N/E
2012-04-01 00:00:00,4.48,4.74,4.76,4.77,N/E,N/E,N/E,N/E,N/E,N/E,4.48,4.48,N/E
2012-05-01 00:00:00,4.51,4.76,4.78,4.8,N/E,N/E,N/E,N/E,N/E,N/E,4.5,4.51,N/E
2012-06-01 00:00:00,4.49,4.76,4.78,4.79,N/E,N/E,N/E,N/E,N/E,N/E,4.49,4.49,N/E
2012-07-01 00:00:00,4.48,4.78,4.79,4.81,N/E,N/E,N/E,N/E,N/E,N/E,4.47,4.48,N/E
2012-08-01 00:00:00,4.49,4.79,4.8,4.81,N/E,N/E,N/E,N/E,N/E,N/E,4.48,4.49,N/E
2012-09-01 00:00:00,4.5,4.8,4.82,4.83,N/E,N/E,N/E,N/E,N/E,N/E,4.49,4.5,N/E
2012-10-01 00:00:00,4.5,4.82,4.84,4.86,N/E,N/E,N/E,N/E,N/E,N/E,4.5,4.5,N/E
2012-11-01 00:00:00,4.5,4.84,4.86,4.9,N/E,N/E,N/E,N/E,N/E,N/E,4.5,4.51,N/E
2012-12-01 00:00:00,4.51,4.84,4.86,4.89,N/E,N/E,N/E,N/E,N/E,N/E,4.51,4.51,N/E
2013-01-01 00:00:00,4.49,4.84,4.86,4.86,N/E,N/E,N/E,N/E,N/E,N/E,4.5,4.49,N/E
2013-02-01 00:00:00,4.49,4.82,4.82,4.81,N/E,N/E,N/E,N/E,N/E,N/E,4.5,4.5,N/E
2013-03-01 00:00:00,4.15,4.48,4.49,4.44,N/E,N/E,N/E,N/E,N/E,N/E,4.15,4.16,N/E
2013-04-01 00:00:00,4.02,4.33,4.34,4.35,N/E,N/E,N/E,N/E,N/E,N/E,4.02,4.02,N/E
2013-05-01 00:00:00,4.02,4.32,4.32,4.28,N/E,N/E,N/E,N/E,N/E,N/E,4.02,4.02,N/E
2013-06-01 00:00:00,4.02,4.3,4.31,4.31,N/E,N/E,N/E,N/E,N/E,N/E,4.01,4.02,N/E
2013-07-01 00:00:00,4.01,4.32,4.32,4.32,N/E,N/E,N/E,N/E,N/E,N/E,4.01,4.01,N/E
2013-08-01 00:00:00,4.01,4.31,4.31,4.31,N/E,N/E,N/E,N/E,N/E,N/E,4,4.01,N/E
2013-09-01 00:00:00,3.82,4.1,4.11,4.1,N/E,N/E,N/E,N/E,N/E,N/E,3.81,3.82,N/E
2013-10-01 00:00:00,3.72,3.98,3.97,3.9,N/E,N/E,N/E,N/E,N/E,N/E,3.7,3.72,N/E
2013-11-01 00:00:00,3.57,3.79,3.79,3.79,N/E,N/E,N/E,N/E,N/E,N/E,3.53,3.57,N/E
2013-12-01 00:00:00,3.62,3.79,3.79,3.81,N/E,N/E,N/E,N/E,N/E,N/E,3.56,3.62,N/E
2014-01-01 00:00:00,3.5,3.78,3.8,3.82,N/E,N/E,N/E,N/E,N/E,N/E,3.49,3.51,N/E
2014-02-01 00:00:00,3.52,3.79,3.8,3.82,N/E,N/E,N/E,N/E,N/E,N/E,3.49,3.52,N/E
2014-03-01 00:00:00,3.51,3.8,3.81,3.83,N/E,N/E,N/E,N/E,N/E,N/E,3.49,3.52,N/E
2014-04-01 00:00:00,3.53,3.81,3.81,3.83,N/E,N/E,N/E,N/E,N/E,N/E,3.5,3.53,N/E
2014-05-01 00:00:00,3.53,3.8,3.82,3.83,N/E,N/E,N/E,N/E,N/E,N/E,3.5,3.53,N/E
2014-06-01 00:00:00,3.15,3.43,3.44,3.46,N/E,N/E,N/E,N/E,N/E,N/E,3.11,3.14,N/E
2014-07-01 00:00:00,3.02,3.3,3.31,3.32,N/E,N/E,N/E,N/E,N/E,N/E,3,3.02,N/E
2014-08-01 00:00:00,3.05,3.3,3.31,3.32,N/E,N/E,N/E,N/E,N/E,N/E,3.01,3.05,N/E
2014-09-01 00:00:00,3.02,3.29,3.3,3.3,N/E,N/E,N/E,N/E,N/E,N/E,3,3.02,N/E
2014-10-01 00:00:00,3.04,3.29,3.3,3.31,N/E,N/E,N/E,N/E,N/E,N/E,3.01,3.04,N/E
2014-11-01 00:00:00,3.05,3.29,3.3,3.31,N/E,N/E,N/E,N/E,N/E,N/E,3.02,3.05,N/E
2014-12-01 00:00:00,3.08,3.3,3.31,3.36,N/E,N/E,N/E,N/E,N/E,N/E,3.05,3.08,N/E
2015-01-01 00:00:00,3.04,3.3,3.31,3.35,N/E,N/E,N/E,N/E,N/E,N/E,3.01,3.04,N/E
2015-02-01 00:00:00,3.06,3.3,3.31,3.38,N/E,N/E,N/E,N/E,N/E,N/E,3.03,3.06,N/E
2015-03-01 00:00:00,3.07,3.3,3.33,3.44,N/E,N/E,N/E,N/E,N/E,N/E,3.05,3.08,N/E
2015-04-01 00:00:00,3.04,3.3,3.31,3.41,N/E,N/E,N/E,N/E,N/E,N/E,3.02,3.04,N/E
2015-05-01 00:00:00,3.02,3.3,3.31,3.38,N/E,N/E,N/E,N/E,N/E,N/E,3,3.02,N/E
2015-06-01 00:00:00,3.1,3.3,3.31,3.39,N/E,N/E,N/E,N/E,N/E,N/E,3.07,3.1,N/E
2015-07-01 00:00:00,3.1,3.3,3.32,3.4,N/E,N/E,N/E,N/E,N/E,N/E,3.07,3.1,N/E
2015-08-01 00:00:00,3.08,3.32,3.35,3.52,N/E,N/E,N/E,N/E,N/E,N/E,3.03,3.08,N/E
2015-09-01 00:00:00,3.07,3.33,3.36,3.59,N/E,N/E,N/E,N/E,N/E,N/E,3.03,3.06,N/E
2015-10-01 00:00:00,3.04,3.31,3.32,3.48,N/E,N/E,N/E,N/E,N/E,N/E,3.02,3.04,N/E
2015-11-01 00:00:00,3.07,3.32,3.38,3.54,N/E,N/E,N/E,N/E,N/E,N/E,3.05,3.07,N/E
2015-12-01 00:00:00,3.24,3.42,3.5,3.64,N/E,N/E,N/E,N/E,N/E,N/E,3.21,3.24,N/E
2016-01-01 00:00:00,3.28,3.56,3.59,3.69,N/E,N/E,N/E,N/E,N/E,N/E,3.27,3.28,N/E
2016-02-01 00:00:00,3.49,3.75,3.78,3.9,N/E,N/E,N/E,N/E,N/E,N/E,3.48,3.48,N/E
2016-03-01 00:00:00,3.79,4.06,4.11,4.24,N/E,N/E,N/E,N/E,N/E,N/E,3.77,3.79,N/E
2016-04-01 00:00:00,3.77,4.06,4.12,4.22,N/E,N/E,N/E,N/E,N/E,N/E,3.74,3.76,N/E
2016-05-01 00:00:00,3.8,4.08,4.14,4.25,N/E,N/E,N/E,N/E,N/E,N/E,3.77,3.8,N/E
2016-06-01 00:00:00,3.83,4.1,4.21,4.4,N/E,N/E,N/E,N/E,N/E,N/E,3.8,3.83,N/E
2016-07-01 00:00:00,4.26,4.56,4.66,4.85,N/E,N/E,N/E,N/E,N/E,N/E,4.24,4.27,N/E
2016-08-01 00:00:00,4.29,4.59,4.69,4.87,N/E,N/E,N/E,N/E,N/E,N/E,4.27,4.29,N/E
2016-09-01 00:00:00,4.33,4.61,4.72,4.92,N/E,N/E,N/E,N/E,N/E,N/E,4.3,4.33,N/E
2016-10-01 00:00:00,4.77,5.11,5.19,5.31,N/E,N/E,N/E,N/E,N/E,N/E,4.75,4.77,N/E
2016-11-01 00:00:00,5,5.34,5.59,5.89,N/E,N/E,N/E,N/E,N/E,N/E,4.98,5,N/E
2016-12-01 00:00:00,5.57,5.84,6.02,6.27,N/E,N/E,N/E,N/E,N/E,N/E,5.57,5.57,N/E
2017-01-01 00:00:00,5.77,6.13,6.28,6.57,N/E,N/E,N/E,N/E,N/E,N/E,5.77,5.77,N/E
2017-02-01 00:00:00,6.13,6.44,6.57,6.8,N/E,N/E,N/E,N/E,N/E,N/E,6.12,6.14,N/E
2017-03-01 00:00:00,6.31,6.63,6.78,6.99,N/E,N/E,N/E,N/E,N/E,N/E,6.29,6.31,N/E
2017-04-01 00:00:00,6.58,6.87,6.93,7.11,N/E,N/E,N/E,N/E,N/E,N/E,6.55,6.57,N/E
2017-05-01 00:00:00,6.63,6.98,7.05,7.26,N/E,N/E,N/E,N/E,N/E,N/E,6.62,6.63,N/E
2017-06-01 00:00:00,6.85,7.21,7.31,7.44,N/E,N/E,N/E,N/E,N/E,N/E,6.83,6.85,N/E
2017-07-01 00:00:00,7.06,7.37,7.38,7.43,N/E,N/E,N/E,N/E,N/E,N/E,7.05,7.06,N/E
2017-08-01 00:00:00,7.04,7.38,7.39,7.44,N/E,N/E,N/E,N/E,N/E,N/E,7.03,7.04,N/E
2017-09-01 00:00:00,7.05,7.38,7.39,7.43,N/E,N/E,N/E,N/E,N/E,N/E,7.03,7.04,N/E
2017-10-01 00:00:00,7.04,7.38,7.4,7.48,N/E,N/E,N/E,N/E,N/E,N/E,7.02,7.04,N/E
2017-11-01 00:00:00,7.03,7.38,7.41,7.56,N/E,N/E,N/E,N/E,N/E,N/E,7.02,7.03,N/E
2017-12-01 00:00:00,7.22,7.51,7.56,7.75,N/E,N/E,N/E,N/E,N/E,N/E,7.21,7.22,N/E
2018-01-01 00:00:00,7.29,7.64,7.7,7.89,N/E,N/E,N/E,N/E,N/E,N/E,7.29,7.3,N/E
2018-02-01 00:00:00,7.49,7.78,7.84,7.95,N/E,N/E,N/E,N/E,N/E,N/E,7.49,7.49,N/E
2018-03-01 00:00:00,7.57,7.83,7.86,7.95,N/E,N/E,N/E,N/E,N/E,N/E,7.56,7.57,N/E
2018-04-01 00:00:00,7.54,7.84,7.86,7.91,N/E,N/E,N/E,N/E,N/E,N/E,7.53,7.54,N/E
2018-05-01 00:00:00,7.58,7.85,7.89,7.96,N/E,N/E,N/E,N/E,N/E,N/E,7.56,7.58,N/E
2018-06-01 00:00:00,7.64,7.93,8.02,8.12,N/E,N/E,N/E,N/E,N/E,N/E,7.63,7.64,N/E
2018-07-01 00:00:00,7.81,8.1,8.15,8.21,N/E,N/E,N/E,N/E,N/E,N/E,7.79,7.81,N/E
2018-08-01 00:00:00,7.8,8.11,8.14,8.21,N/E,N/E,N/E,N/E,N/E,N/E,7.79,7.8,N/E
2018-09-01 00:00:00,7.81,8.11,8.17,8.22,N/E,N/E,N/E,N/E,N/E,N/E,7.79,7.8,N/E
2018-10-01 00:00:00,7.81,8.12,8.17,8.22,N/E,N/E,N/E,N/E,N/E,N/E,7.81,7.81,N/E
2018-11-01 00:00:00,7.93,8.25,8.37,8.48,N/E,N/E,N/E,N/E,N/E,N/E,7.93,7.93,N/E
2018-12-01 00:00:00,8.19,8.41,8.5,8.62,N/E,N/E,N/E,N/E,N/E,N/E,8.18,8.18,N/E
2019-01-01 00:00:00,8.26,8.59,8.62,8.64,N/E,N/E,N/E,N/E,N/E,N/E,8.28,8.26,N/E
2019-02-01 00:00:00,8.26,8.56,8.57,8.57,N/E,N/E,N/E,N/E,N/E,N/E,8.29,8.26,N/E
2019-03-01 00:00:00,8.26,8.52,8.52,8.52,N/E,N/E,N/E,N/E,N/E,N/E,8.28,8.27,N/E
2019-04-01 00:00:00,8.27,8.5,8.5,8.5,N/E,N/E,N/E,N/E,N/E,N/E,8.29,8.28,N/E
2019-05-01 00:00:00,8.29,8.51,8.51,8.5,N/E,N/E,N/E,N/E,N/E,N/E,8.3,8.29,N/E
2019-06-01 00:00:00,8.27,8.51,8.52,8.49,N/E,N/E,N/E,N/E,N/E,N/E,8.28,8.27,N/E
2019-07-01 00:00:00,8.28,8.48,8.45,8.39,N/E,N/E,N/E,N/E,N/E,N/E,8.28,8.28,N/E
2019-08-01 00:00:00,8.16,8.37,8.33,8.22,N/E,N/E,N/E,N/E,N/E,N/E,8.16,8.16,N/E
2019-09-01 00:00:00,8.07,8.2,8.11,7.94,N/E,N/E,N/E,N/E,N/E,N/E,8.06,8.07,N/E
2019-10-01 00:00:00,7.78,8,7.89,7.64,N/E,N/E,N/E,N/E,N/E,N/E,7.78,7.78,N/E
2019-11-01 00:00:00,7.76,7.87,7.7,7.54,N/E,N/E,N/E,N/E,N/E,N/E,7.77,7.76,N/E
2019-12-01 00:00:00,7.46,7.7,7.56,7.43,N/E,N/E,N/E,N/E,N/E,N/E,7.48,7.46,N/E
2020-01-01 00:00:00,7.26,7.53,7.44,7.32,N/E,N/E,N/E,N/E,N/E,N/E,7.27,7.26,N/E
2020-02-01 00:00:00,7.12,7.39,7.3,7.19,N/E,N/E,N/E,N/E,N/E,N/E,7.13,7.12,N/E
2020-03-01 00:00:00,6.89,7.1,6.98,6.89,N/E,N/E,N/E,N/E,N/E,N/E,6.9,6.89,N/E
2020-04-01 00:00:00,6.35,6.54,6.43,6.12,N/E,N/E,N/E,N/E,N/E,N/E,6.38,6.35,N/E
2020-05-01 00:00:00,5.8,6,5.93,5.59,N/E,N/E,N/E,N/E,N/E,N/E,5.84,5.8,N/E
2020-06-01 00:00:00,5.49,5.65,5.64,5.34,N/E,N/E,N/E,N/E,N/E,N/E,5.51,5.48,N/E
2020-07-01 00:00:00,5.01,5.23,5.2,4.98,N/E,N/E,N/E,N/E,N/E,N/E,5.04,5.01,N/E
2020-08-01 00:00:00,4.73,4.97,4.95,4.79,N/E,N/E,N/E,N/E,N/E,N/E,4.76,4.73,N/E
2020-09-01 00:00:00,4.47,4.72,4.71,4.67,N/E,N/E,N/E,N/E,N/E,N/E,4.48,4.47,N/E
2020-10-01 00:00:00,4.25,4.53,4.53,4.51,N/E,N/E,N/E,N/E,N/E,N/E,4.25,4.25,N/E
2020-11-01 00:00:00,4.27,4.5,4.49,4.41,N/E,N/E,N/E,N/E,N/E,N/E,4.28,4.27,N/E
2020-12-01 00:00:00,4.29,4.49,4.48,4.38,N/E,N/E,N/E,N/E,N/E,N/E,4.31,4.29,N/E
2021-01-01 00:00:00,4.3,4.47,4.44,4.33,N/E,N/E,N/E,N/E,N/E,N/E,4.31,4.3,N/E
2021-02-01 00:00:00,4.11,4.36,4.33,4.25,N/E,N/E,N/E,N/E,N/E,N/E,4.12,4.11,N/E
2021-03-01 00:00:00,4.02,4.28,4.24,4.25,N/E,N/E,N/E,N/E,N/E,N/E,4.02,4.01,N/E
2021-04-01 00:00:00,4.01,4.28,4.25,4.31,N/E,N/E,N/E,N/E,N/E,N/E,4.01,4.01,N/E
2021-05-01 00:00:00,4.04,4.29,4.26,4.36,N/E,N/E,N/E,N/E,N/E,N/E,4.03,4.04,N/E
2021-06-01 00:00:00,4.04,4.32,4.31,4.4,N/E,N/E,N/E,N/E,N/E,N/E,4.04,4.04,N/E
2021-07-01 00:00:00,4.28,4.52,4.58,4.84,N/E,N/E,N/E,N/E,N/E,N/E,4.27,4.28,N/E
2021-08-01 00:00:00,4.41,4.65,4.71,4.98,N/E,N/E,N/E,N/E,N/E,N/E,4.43,4.41,N/E
2021-09-01 00:00:00,4.58,4.75,4.8,5.07,N/E,N/E,N/E,N/E,N/E,N/E,4.6,4.58,N/E
2021-10-01 00:00:00,4.8,4.98,5.06,5.33,N/E,N/E,N/E,N/E,N/E,N/E,4.82,4.8,N/E
2021-11-01 00:00:00,4.91,5.13,5.27,5.47,N/E,N/E,N/E,N/E,N/E,N/E,4.93,4.91,N/E
2021-12-01 00:00:00,5.19,5.44,5.62,5.77,N/E,N/E,N/E,N/E,N/E,N/E,5.22,5.2,N/E
2022-01-01 00:00:00,5.5,5.72,5.87,6.08,N/E,N/E,N/E,N/E,N/E,N/E,5.51,5.5,N/E
2022-02-01 00:00:00,5.8,6.02,6.18,6.39,N/E,N/E,N/E,N/E,N/E,N/E,5.8,5.8,N/E
2022-03-01 00:00:00,6.1,6.33,6.57,6.83,N/E,N/E,N/E,N/E,N/E,N/E,6.1,6.1,N/E
2022-04-01 00:00:00,6.53,6.73,6.98,7.35,N/E,N/E,N/E,N/E,N/E,N/E,6.54,6.53,N/E
2022-05-01 00:00:00,6.81,7.01,7.38,7.71,N/E,N/E,N/E,N/E,N/E,N/E,6.81,6.8,N/E
2022-06-01 00:00:00,7.1,7.42,7.84,8.24,N/E,N/E,N/E,N/E,N/E,N/E,7.13,7.13,N/E
2022-07-01 00:00:00,7.75,8.04,8.35,8.89,N/E,N/E,N/E,N/E,N/E,N/E,7.75,7.75,N/E
2022-08-01 00:00:00,8.2,8.5,8.81,9.32,N/E,N/E,N/E,N/E,N/E,N/E,8.23,8.22,N/E
2022-09-01 00:00:00,8.55,8.89,9.22,9.75,N/E,N/E,N/E,N/E,N/E,N/E,8.57,8.55,N/E
2022-10-01 00:00:00,9.24,9.56,9.9,10.34,N/E,N/E,N/E,N/E,N/E,N/E,9.26,9.24,N/E
2022-11-01 00:00:00,9.75,10,10.39,10.62,N/E,N/E,N/E,N/E,N/E,N/E,9.76,9.75,N/E
2022-12-01 00:00:00,10.29,10.53,10.82,10.95,N/E,N/E,N/E,N/E,N/E,N/E,10.31,10.29,N/E
2023-01-01 00:00:00,10.5,10.78,10.94,11.1,N/E,N/E,N/E,N/E,N/E,N/E,10.52,10.51,N/E
2023-02-01 00:00:00,10.85,11.1,11.27,11.41,N/E,N/E,N/E,N/E,N/E,N/E,10.86,10.85,N/E
2023-03-01 00:00:00,11.03,11.34,11.51,11.79,N/E,N/E,N/E,N/E,N/E,N/E,11.03,11.02,N/E
2023-04-01 00:00:00,11.27,11.53,11.64,11.9,N/E,N/E,N/E,N/E,N/E,N/E,11.28,11.27,N/E
2023-05-01 00:00:00,11.29,11.54,11.59,11.84,N/E,N/E,N/E,N/E,N/E,N/E,11.29,11.29,N/E
2023-06-01 00:00:00,11.25,11.5,11.51,11.65,N/E,N/E,N/E,N/E,N/E,N/E,11.26,11.25,N/E
2023-07-01 00:00:00,11.25,11.5,11.5,11.52,N/E,N/E,N/E,N/E,N/E,N/E,11.25,11.24,N/E
2023-08-01 00:00:00,11.24,11.5,11.5,11.46,N/E,N/E,N/E,N/E,N/E,N/E,11.25,11.24,N/E
2023-09-01 00:00:00,11.25,11.5,11.51,11.49,N/E,N/E,N/E,N/E,N/E,N/E,11.25,11.25,N/E
2023-10-01 00:00:00,11.25,11.5,11.51,11.53,N/E,N/E,N/E,N/E,N/E,N/E,11.25,11.25,N/E
2023-11-01 00:00:00,11.25,11.51,11.51,11.51,N/E,N/E,N/E,N/E,N/E,N/E,11.26,11.26,N/E
2023-12-01 00:00:00,11.28,11.5,11.5,11.45,N/E,N/E,N/E,N/E,N/E,N/E,11.29,11.28,N/E
2024-01-01 00:00:00,11.26,11.5,11.66,11.83,N/E,N/E,N/E,N/E,N/E,N/E,11.28,11.26,N/E
2024-02-01 00:00:00,11.25,11.5,11.65,11.81,N/E,N/E,N/E,N/E,N/E,N/E,11.26,11.25,N/E
2024-03-01 00:00:00,11.21,11.44,11.61,11.77,N/E,N/E,N/E,N/E,N/E,N/E,11.23,11.21,N/E
2024-04-01 00:00:00,11.01,11.25,11.41,11.57,N/E,N/E,N/E,N/E,N/E,N/E,11.03,11.01,N/E
2024-05-01 00:00:00,11.01,11.24,11.4,11.56,N/E,N/E,N/E,N/E,N/E,N/E,11.03,11.01,N/E
2024-06-01 00:00:00,11,11.24,11.39,11.55,N/E,N/E,N/E,N/E,N/E,N/E,11.02,11.01,N/E
2024-07-01 00:00:00,11.01,11.25,11.4,11.56,N/E,N/E,N/E,N/E,N/E,N/E,11.03,11.01,N/E
2024-08-01 00:00:00,10.84,11.08,11.23,11.38,N/E,N/E,N/E,N/E,N/E,N/E,10.86,10.84,N/E
2024-09-01 00:00:00,10.73,10.95,11.14,11.29,N/E,N/E,N/E,N/E,N/E,N/E,10.75,10.73,N/E
2024-10-01 00:00:00,10.51,10.74,10.89,11.03,N/E,N/E,N/E,N/E,N/E,N/E,10.54,10.52,N/E
2024-11-01 00:00:00,10.42,10.61,10.8,10.94,N/E,N/E,N/E,N/E,N/E,N/E,10.46,10.42,N/E
2024-12-01 00:00:00,10.25,10.38,10.64,10.78,N/E,N/E,N/E,N/E,N/E,N/E,10.28,10.25,N/E
2025-01-01 00:00:00,10,10.28,10.38,10.51,N/E,N/E,N/E,N/E,N/E,N/E,10.03,10,N/E
